mysql> SELECT * FROM user_profile;
+---------+-----------+----------+----------+----------+--------------------------+----------------+--------------------+
| user_id | firstname | lastname | username | password | address                  | contact_number | email_address      |
+---------+-----------+----------+----------+----------+--------------------------+----------------+--------------------+
|       1 | Jay       | Park     | Jay      | 123      | University of Adelaide   | 0412345678     | jayjay@gmail.com   |
|       2 | Bob       | Taylor   | Bob      | bob123   | 55 Grote Street Adelaide | 0400123456     | yolo123@gmail.com  |
|       3 | Ryuko     | Moshi    | Ryu      | ninja    | 1 Currie Street Adelaide | 0430123456     | ninjaryu@gmail.com |
|       4 | Jay       | Park     | Jay      | 123      | University of Adelaide   | 0412345678     | jayjay@gmail.com   |
|       5 | Bob       | Taylor   | Bob      | bob123   | 55 Grote Street Adelaide | 0400123456     | yolo123@gmail.com  |
|       6 | Ryuko     | Moshi    | Ryu      | ninja    | 1 Currie Street Adelaide | 0430123456     | ninjaryu@gmail.com |
+---------+-----------+----------+----------+----------+--------------------------+----------------+--------------------+
6 rows in set (0.00 sec)

mysql> SELECT * FROM admin_profile;
+----------+-----------+----------+----------+----------+-----------------------------+----------------+------------------+
| admin_id | firstname | lastname | username | password | address                     | contact_number | email_address    |
+----------+-----------+----------+----------+----------+-----------------------------+----------------+------------------+
|        1 | Samuel    | Jackson  | Sam      | sam123   | 45 Green Hill Road Adelaide | 0440123456     | samsam@gmail.com |
|        2 | Joe       | McDonald | Joe      | joe123   | 345 Maroon Street Adelaide  | 0441123456     | joejoe@gmail.com |
|        3 | Timothy   | Carlos   | Tim      | tim123   | 15 Rose Street Adelaide     | 0442123456     | timtim@gmail.com |
|        4 | Samuel    | Jackson  | Sam      | sam123   | 45 Green Hill Road Adelaide | 0440123456     | samsam@gmail.com |
|        5 | Joe       | McDonald | Joe      | joe123   | 345 Maroon Street Adelaide  | 0441123456     | joejoe@gmail.com |
|        6 | Timothy   | Carlos   | Tim      | tim123   | 15 Rose Street Adelaide     | 0442123456     | timtim@gmail.com |
+----------+-----------+----------+----------+----------+-----------------------------+----------------+------------------+
6 rows in set (0.00 sec)

mysql> SELECT * FROM manager_profile;
+------------+-----------+----------+----------+----------+----------------------------+----------------+------------------+----------+
| manager_id | firstname | lastname | username | password | address                    | contact_number | email_address    | venue_id |
+------------+-----------+----------+----------+----------+----------------------------+----------------+------------------+----------+
|          1 | Rinnei    | Johnson  | Rin      | rin123   | 72 Kings Road Adelaide     | 0444123456     | rinrin@gmail.com |        1 |
|          2 | Lynnerux  | Kolaf    | Lyn      | Lyn123   | 345 Maroon Street Adelaide | 0445123456     | lynlyn@gmail.com |        2 |
|          3 | Beer      | Cheer    | Bee      | Bee123   | 15 Rose Street Adelaide    | 0446123456     | beebee@gmail.com |        3 |
+------------+-----------+----------+----------+----------+----------------------------+----------------+------------------+----------+
3 rows in set (0.00 sec)

mysql> SELECT * FROM venue;
+----------+--------------------------+---------------------------+----------+
| venue_id | venue_name               | address                   | capacity |
+----------+--------------------------+---------------------------+----------+
|        1 | Rin's Mini Shop          | 31 Kings Road Adelaide    |       15 |
|        2 | Ninja Accessory Adelaide | 77 Midnight Road Adelaide |       20 |
|        3 | Honey Honey              | 82 Rose Street Adelaide   |       30 |
+----------+--------------------------+---------------------------+----------+
3 rows in set (0.00 sec)

mysql> SELECT * FROM venue_visits;
+----------+---------+---------------------+----------+
| visit_id | user_id | visit_date          | venue_id |
+----------+---------+---------------------+----------+
|        1 |       2 | 2021-06-10 15:30:30 |        2 |
|        2 |       3 | 2021-06-10 10:34:12 |        1 |
|        3 |       1 | 2021-06-10 16:29:21 |        3 |
|        4 |       3 | 2021-06-10 14:00:00 |        3 |
|        5 |       1 | 2021-06-13 11:42:14 |        1 |
|        6 |       2 | 2021-06-13 11:42:14 |        1 |
|        7 |       3 | 2021-06-13 11:42:14 |        1 |
|        8 |       2 | 2021-06-13 11:42:14 |        2 |
|        9 |       3 | 2021-06-13 11:42:14 |        1 |
|       10 |       1 | 2021-06-13 11:42:14 |        3 |
|       11 |       3 | 2021-06-13 11:42:14 |        3 |
+----------+---------+---------------------+----------+
11 rows in set (0.00 sec)

mysql> SELECT * FROM hotspot;
+------------+-----------------+----------+
| hotspot_id | infected_people | venue_id |
+------------+-----------------+----------+
|          1 |               5 |        1 |
|          2 |               2 |        2 |
|          3 |              13 |        3 |
+------------+-----------------+----------+
3 rows in set (0.00 sec)